dBzIcgAr,371.83,0.37
qcaQadGx,26.16,0.03
cQLKAwob,22.12,0.02
DWgmDJsL,21.94,0.02
RJkWHDeL,19.28,0.02
gUKJVCTN,19.32,0.02
ntnoNtan,20.08,0.02
tekKMqXj,19.73,0.02
fEjlzHMX,18.11,0.02
lgNxLaqr,20.07,0.02
LyPmJmLO,25.63,0.03
CULRUBnf,16.63,0.02
QsDAhiGH,13.64,0.01
qdDdoDfo,13.22,0.01
nlUQmTxQ,13.31,0.01
yLMcTFFT,14.06,0.01
jezcbbXb,13.13,0.01
EGzVAPDO,12.57,0.01
EsCksiKA,12.91,0.01
bmMimTJT,12.86,0.01
vqsRFNrw,12.88,0.01
ZijkvdUL,12.74,0.01
oKazPczd,12.06,0.01
SRqFdyAr,12.21,0.01
oWosGwJm,12.01,0.01
vKmmPuxr,12.32,0.01
wvRvpZCr,12.24,0.01
yuOeThgL,11.19,0.01
GbCWeqXd,11.54,0.01
YizjTCvN,11.59,0.01
VmjuXSqN,16.78,0.02
uuAvgZGM,12.24,0.01
NDSQcFHM,11.43,0.01
EgsGadtc,11.35,0.01
vApXWcUg,35.49,0.04
eEhSEnLZ,11.72,0.01
GfEglLXc,12.34,0.01
GKylZqFX,11.25,0.01
rTEBiMZE,11.22,0.01
qvlMLOlz,11.17,0.01
ApCUOJXv,11.08,0.01
CEdnpBtq,11.32,0.01
sqRHxeQK,12.01,0.01
beYFUpSE,11.48,0.01
CkLSIzez,11.10,0.01
CnAglsrO,11.68,0.01
qRgSjNSW,11.59,0.01
qbcXhHuf,11.88,0.01
SeHexuar,11.32,0.01
vahmtHKy,11.21,0.01
rwhmSpsO,11.77,0.01
SzVtqijx,12.20,0.01
RxiDDXqP,12.03,0.01
STtoAQfP,10.84,0.01
vlNPZEVf,12.18,0.01
PLxJchNJ,11.66,0.01
xUWHDEJn,11.77,0.01
kCQHWBWN,11.43,0.01
jAitLoAk,11.07,0.01
TegFjpSf,11.22,0.01
ELmXTGeF,11.63,0.01
wNCHnacY,11.30,0.01
YfwfKOHq,11.12,0.01
HrvrcUQM,35.80,0.04
GRDmvDzN,11.15,0.01
lYixwpZW,10.87,0.01
HrKqzabp,11.03,0.01
oUmtbmOF,10.84,0.01
HCeNmpIx,10.85,0.01
LHedFdxT,10.87,0.01
oEhrQfEr,10.31,0.01
QAvLJSBo,10.64,0.01
ISKBdGnC,10.59,0.01
gLVoiGgS,14.05,0.01
ttGlslPH,14.51,0.01
vHlSZqGH,12.09,0.01
gIziRMeG,13.33,0.01
YPKJvvvP,14.16,0.01
RsvzzQzW,13.66,0.01
VWxxzrLg,13.89,0.01
fFYRvNqt,14.12,0.01
IAjkCJhW,14.57,0.01
GkfsUbNd,10.28,0.01
JbfITWOv,10.31,0.01
kJxFnBkw,10.44,0.01
jhPRncmv,11.95,0.01
AfApXjlT,11.03,0.01
abCGuUDA,10.58,0.01
zjnkfsWC,10.49,0.01
nNvrGKiE,9.75,0.01
JXHeOwOK,10.01,0.01
ezKIDLcY,9.75,0.01
gMHQArxA,10.19,0.01
iyHeQYqN,10.03,0.01
zCUAUMuQ,9.99,0.01
aNNOXDOR,10.22,0.01
Xcttfvyf,9.90,0.01
gCXlIgRV,10.26,0.01
czuhUPLx,9.97,0.01
AqTvojhJ,9.54,0.01
