dBzIcgAr,1
qcaQadGx,1
cQLKAwob,1
DWgmDJsL,1
RJkWHDeL,1
gUKJVCTN,1
ntnoNtan,1
tekKMqXj,1
fEjlzHMX,1
lgNxLaqr,1
LyPmJmLO,1
CULRUBnf,1
QsDAhiGH,1
qdDdoDfo,1
nlUQmTxQ,1
yLMcTFFT,1
jezcbbXb,1
EGzVAPDO,1
EsCksiKA,1
bmMimTJT,1
vqsRFNrw,1
ZijkvdUL,1
oKazPczd,1
SRqFdyAr,1
oWosGwJm,1
vKmmPuxr,1
wvRvpZCr,1
yuOeThgL,1
GbCWeqXd,1
YizjTCvN,1
VmjuXSqN,1
uuAvgZGM,1
NDSQcFHM,1
EgsGadtc,1
vApXWcUg,1
eEhSEnLZ,1
GfEglLXc,1
GKylZqFX,1
rTEBiMZE,1
qvlMLOlz,1
ApCUOJXv,1
CEdnpBtq,1
sqRHxeQK,1
beYFUpSE,1
CkLSIzez,1
CnAglsrO,1
qRgSjNSW,1
qbcXhHuf,1
SeHexuar,1
vahmtHKy,1
rwhmSpsO,1
SzVtqijx,1
RxiDDXqP,1
STtoAQfP,1
vlNPZEVf,1
PLxJchNJ,1
xUWHDEJn,1
kCQHWBWN,1
jAitLoAk,1
TegFjpSf,1
ELmXTGeF,1
wNCHnacY,1
YfwfKOHq,1
HrvrcUQM,1
GRDmvDzN,1
lYixwpZW,1
HrKqzabp,1
oUmtbmOF,1
HCeNmpIx,1
LHedFdxT,1
oEhrQfEr,1
QAvLJSBo,1
ISKBdGnC,1
gLVoiGgS,1
ttGlslPH,1
vHlSZqGH,1
gIziRMeG,1
YPKJvvvP,1
RsvzzQzW,1
VWxxzrLg,1
fFYRvNqt,1
IAjkCJhW,1
GkfsUbNd,1
JbfITWOv,1
kJxFnBkw,1
jhPRncmv,1
AfApXjlT,1
abCGuUDA,1
zjnkfsWC,1
nNvrGKiE,1
JXHeOwOK,1
ezKIDLcY,1
gMHQArxA,1
iyHeQYqN,1
zCUAUMuQ,1
aNNOXDOR,1
Xcttfvyf,1
gCXlIgRV,1
czuhUPLx,1
AqTvojhJ,1
